audio_file,language,full_path,source_audio,text
aug_003880.wav,en,D:\Gyan\data\gan_augmented\english\wavs\aug_003880.wav,003880.wav,and they had given information to the police.
aug_011076.wav,en,D:\Gyan\data\gan_augmented\english\wavs\aug_011076.wav,011076.wav,"even though he later referred to the latter as, quote, trusted long time fighters for progress, end quote."
aug_005142.wav,en,D:\Gyan\data\gan_augmented\english\wavs\aug_005142.wav,005142.wav,the public mind was greatly agitated by the affair for several months. The story of the murder must be pretty familiar to most of my readers.
aug_008981.wav,en,D:\Gyan\data\gan_augmented\english\wavs\aug_008981.wav,008981.wav,These two small cartons had been moved from a stack about three aisles away.
aug_007685.wav,en,D:\Gyan\data\gan_augmented\english\wavs\aug_007685.wav,007685.wav,"The enormous amount of debris which buried the palaces and temples and walls of Nebuchadnezzar's city, in places to the depth of a hundred feet,"
aug_001336.wav,en,D:\Gyan\data\gan_augmented\english\wavs\aug_001336.wav,001336.wav,Without enlargement no material change in discipline or interior economy could possibly be introduced.
aug_008362.wav,en,D:\Gyan\data\gan_augmented\english\wavs\aug_008362.wav,008362.wav,assisted by Drs. William Osborne and John Parker.
aug_008140.wav,en,D:\Gyan\data\gan_augmented\english\wavs\aug_008140.wav,008140.wav,The Dallas police radio log reflects that Chief of Police Curry reported the shooting of the President
aug_004773.wav,en,D:\Gyan\data\gan_augmented\english\wavs\aug_004773.wav,004773.wav,and the great outside world shared in the completion of the sacrifice.
aug_010194.wav,en,D:\Gyan\data\gan_augmented\english\wavs\aug_010194.wav,010194.wav,"told Robert Oswald, Lee Harvey Oswald's brother, that Oswald had once threatened to shoot former Vice President Richard M. Nixon."
aug_017811.wav,hi,D:\Gyan\data\gan_augmented\hindi\wavs\aug_017811.wav,017811.wav,रोहन गावस्कर को कॉलिंगवुड ने फ़्लिंटऑफ़ की गेंद पर रन आउट किया।
aug_010437.wav,hi,D:\Gyan\data\gan_augmented\hindi\wavs\aug_010437.wav,010437.wav,उसके इस विवेचन के परिणामस्वरूप अनेक दार्शनिकों को यह विश्वास हुआ कि यद्यपि इतिहास की अध्ययन पद्धति विज्ञान की पद्धतियों की तुलना में भिन्न है; फिर भी उसकी गुणवत्ता कम नहीं है ।
aug_012070.wav,hi,D:\Gyan\data\gan_augmented\hindi\wavs\aug_012070.wav,012070.wav,और इसी विरोध के चलते अमेरिकी राष्ट्रपति ने रुस के साथ परमाणु समझौता रद्द् करने का निर्णय ले लिया है
aug_005023.wav,hi,D:\Gyan\data\gan_augmented\hindi\wavs\aug_005023.wav,005023.wav,कुछ समय विश्राम करने के पश्चात् माधवजी ने बच्चों को वापस चलने को कहा क्योंकि सूर्यास्त के पश्चात् वन में रुकना ठीक नहीं है|
aug_016650.wav,hi,D:\Gyan\data\gan_augmented\hindi\wavs\aug_016650.wav,016650.wav,अदरक में एन्टी सेप्टिक और एन्टी आक्सिडेंट गुण होते हैं जो प्राकृतिक सौन्दर्य देने के काम आता है
aug_015096.wav,hi,D:\Gyan\data\gan_augmented\hindi\wavs\aug_015096.wav,015096.wav,हम इन सभी पाठकों का धन्यवाद करते हुए यही निवेदन करना चाहेंगे कि हिन्दयुग्म को इसी प्रकार से पढ़ते हुए हमारा प्रोत्साहन करते रहें।
aug_014718.wav,hi,D:\Gyan\data\gan_augmented\hindi\wavs\aug_014718.wav,014718.wav,उनके द्वारा प्रस्तुत किये गये साहित्य को आर्षेय कहा जाता है।
aug_000284.wav,hi,D:\Gyan\data\gan_augmented\hindi\wavs\aug_000284.wav,000284.wav,आर्थिक अस्थिरता के दौर से गुजर रहे जिम्बाब्वे में अब तख्ता पलट के बादल मंडराने लगे हैं
aug_014545.wav,hi,D:\Gyan\data\gan_augmented\hindi\wavs\aug_014545.wav,014545.wav,अतः उनके शरीर पर लगने वाला दाब कम हो जाता है और वे बोझ को आसानी से उठा सकते हैं| ध्यान दीजिए कि उपरोक्त व्यंजक में क्षेत्रफल ‘हर’ में है|
aug_004898.wav,hi,D:\Gyan\data\gan_augmented\hindi\wavs\aug_004898.wav,004898.wav,यहाँ हम देखते हैं कि सभी अमेरिकी समाचार हरे रंग से चिह्नित हैं|
aug_002996.wav,mr,D:\Gyan\data\gan_augmented\marathi\wavs\aug_002996.wav,002996.wav,तो व बोधिसत्व परस्परांच्या सल्ल्याने कोठे जायचे ते ठरवून व्यापार करीत.
aug_007646.wav,mr,D:\Gyan\data\gan_augmented\marathi\wavs\aug_007646.wav,007646.wav,लोकांनी त्या जुन्या ज्ञानाला नव तेज दिलं.
aug_002011.wav,mr,D:\Gyan\data\gan_augmented\marathi\wavs\aug_002011.wav,002011.wav,राजवाडयाच्या मोहात तो आपल्या झऱ्याला आणि सृष्टिला विसरून गेला होता.
aug_007718.wav,mr,D:\Gyan\data\gan_augmented\marathi\wavs\aug_007718.wav,007718.wav,"ठीक आहे, मीही या ढोंगी ऋषीचा अपमान करीन!"
aug_008013.wav,mr,D:\Gyan\data\gan_augmented\marathi\wavs\aug_008013.wav,008013.wav,पुष्कळ स्त्रियांचा या दिवशी उपवास असतो.
aug_005917.wav,mr,D:\Gyan\data\gan_augmented\marathi\wavs\aug_005917.wav,005917.wav,"दहासहा ऑफ़िसमध्ये काम करणारी स्त्री सगळ्यानांच खुप सुखी, आनंदी वाटते."
aug_009970.wav,mr,D:\Gyan\data\gan_augmented\marathi\wavs\aug_009970.wav,009970.wav,"तेव्हा तो म्हणाला, `ह्याचे उत्तर मला देता येत नाही."
aug_000605.wav,mr,D:\Gyan\data\gan_augmented\marathi\wavs\aug_000605.wav,000605.wav,दासीपुत्र असलास तरी तू ब्राह्मणच असला पाहिजेस.
aug_007696.wav,mr,D:\Gyan\data\gan_augmented\marathi\wavs\aug_007696.wav,007696.wav,शमीक ऋषी महान तपस्वी आणि परोपकारी वृत्तीचे होते.
aug_008260.wav,mr,D:\Gyan\data\gan_augmented\marathi\wavs\aug_008260.wav,008260.wav,"परंतु तो उठला, ते पूर्वजांचे घर सोडून तो निघाला."
