audio_file,text,language,source_audio,source_type
aug_001267.wav,"In some prisons the prisoners worked seven hours a day, in others ten and ten and a half.",en,001267.wav,gan_augmented
aug_011180.wav,"Oswald moved to Dallas on about October 8, 1962, without telling his mother where he was going.",en,011180.wav,gan_augmented
aug_001883.wav,"The evils of such association were aggravated by the unbroken idleness; one ""evil inflamed the other;"" reformation",en,001883.wav,gan_augmented
aug_005142.wav,the public mind was greatly agitated by the affair for several months. The story of the murder must be pretty familiar to most of my readers.,en,005142.wav,gan_augmented
aug_000762.wav,"This imposition of fees left prisoners destitute on their discharge, without funds to support them in their first struggle to recommence life,",en,000762.wav,gan_augmented
aug_010822.wav,"As indicated above, Oswald started to read Communist literature after he and his mother left New York and moved to New Orleans.",en,010822.wav,gan_augmented
aug_006774.wav,"and it is so, inasmuch as an additional substance -- nitrogen -- enters into it as an essential element;",en,006774.wav,gan_augmented
aug_003617.wav,whom he had shown over the plate closet.,en,003617.wav,gan_augmented
aug_002698.wav,and a military sash.,en,002698.wav,gan_augmented
aug_000338.wav,weighted by treble the amount of costs.,en,000338.wav,gan_augmented
aug_003286.wav,"The chest was opened to give change, and a heavy tray lifted out which plainly held some £4000 in cash.",en,003286.wav,gan_augmented
aug_003991.wav,"One of these was Mobbs, who lived in the Minories,",en,003991.wav,gan_augmented
aug_012038.wav,"As reported in chapter 2, when the special file was reviewed on November 8,",en,012038.wav,gan_augmented
aug_004773.wav,and the great outside world shared in the completion of the sacrifice.,en,004773.wav,gan_augmented
aug_011076.wav,"even though he later referred to the latter as, quote, trusted long time fighters for progress, end quote.",en,011076.wav,gan_augmented
aug_000220.wav,5. The master felons' side. 6. The female felons' side. 7. The state side.,en,000220.wav,gan_augmented
aug_010996.wav,As my Russian improves I become increasingly conscious of just what sort of a society I live in.,en,010996.wav,gan_augmented
aug_008140.wav,The Dallas police radio log reflects that Chief of Police Curry reported the shooting of the President,en,008140.wav,gan_augmented
aug_001509.wav,"Their treatment was also a matter of chance. They still slept on rope mats on the floor, herded together in companies of four or more to keep one another warm",en,001509.wav,gan_augmented
aug_009255.wav,Truly stood in front of the building.,en,009255.wav,gan_augmented
aug_006466.wav,"But when, almost two years later, it came before the Supreme Court its constitutionality was upheld only by a five-to-four vote.",en,006466.wav,gan_augmented
aug_004844.wav,"When they brought in the two watchers to relieve guard one night, Sattler said,",en,004844.wav,gan_augmented
aug_008181.wav,"According to Kellerman, Mrs. Kennedy then cried out, quote,",en,008181.wav,gan_augmented
aug_010514.wav,"That situation, however, was short-lived,",en,010514.wav,gan_augmented
aug_001466.wav,To these were still added an average of about fifty expecting the last penalty of the law; a certain number of transports awaiting removal to the colonies;,en,001466.wav,gan_augmented
aug_004192.wav,and to have succeeded in other speculations.,en,004192.wav,gan_augmented
aug_005138.wav,"The Chronicles of Newgate, Volume 2. By Arthur Griffiths. Section 21: Newgate Notorieties, part 2.",en,005138.wav,gan_augmented
aug_012187.wav,the FBI transferred the principal responsibility for the Oswald case from the Dallas office to the New Orleans office.,en,012187.wav,gan_augmented
aug_008362.wav,assisted by Drs. William Osborne and John Parker.,en,008362.wav,gan_augmented
aug_003489.wav,and was seen to be busily engaged in washing down the house with bucket and mop.,en,003489.wav,gan_augmented
aug_008009.wav,"According to O'Donnell, the President commented that, quote,",en,008009.wav,gan_augmented
aug_001336.wav,Without enlargement no material change in discipline or interior economy could possibly be introduced.,en,001336.wav,gan_augmented
aug_001824.wav,"The other inmates of the prison of an exceptional character, and exempted from the regular discipline, such as it was,",en,001824.wav,gan_augmented
aug_005753.wav,"The prison was to contain four hundred and four prisoners, and the estimated expenditure was £79,000.",en,005753.wav,gan_augmented
aug_007681.wav,"In 1812, James Claudius Rich, the British Resident at Baghdad, made the first complete examination of the ruins.",en,007681.wav,gan_augmented
aug_007685.wav,"The enormous amount of debris which buried the palaces and temples and walls of Nebuchadnezzar's city, in places to the depth of a hundred feet,",en,007685.wav,gan_augmented
aug_003905.wav,After judgment was passed she repeatedly cried out Shame!,en,003905.wav,gan_augmented
aug_007324.wav,"Eleven years later, in 586, he destroyed the sacred Hebrew city,",en,007324.wav,gan_augmented
aug_001217.wav,"The Society did not shrink from its self-imposed duty, but continued year after year, with unflagging energy and unflinching spirit, to watch closely",en,001217.wav,gan_augmented
aug_010076.wav,7. Certain of my documents are in the small blue valise.,en,010076.wav,gan_augmented
aug_011187.wav,"at the time of his defection, when he evidenced no interest in his father and hardly mentioned him, even when questioned.",en,011187.wav,gan_augmented
aug_008679.wav,and issues of two newspapers later identified as the Worker and the Militant.,en,008679.wav,gan_augmented
aug_006132.wav,In this recent reorganization we have recognized three distinct functions:,en,006132.wav,gan_augmented
aug_003623.wav,"When one of these clubs was taken in at the Army and Navy, that establishment also suffered.",en,003623.wav,gan_augmented
aug_009120.wav,"and I felt like there hadn't been more than one eyewitness, and if it got to be a known fact that I was an eyewitness, my family or I, either one, might not be safe.",en,009120.wav,gan_augmented
aug_002921.wav,"replaced the stock in the names of the original holders, who might otherwise have been completely ruined.",en,002921.wav,gan_augmented
aug_000842.wav,which recommended restrictions upon the number of visitors admitted.,en,000842.wav,gan_augmented
aug_004478.wav,"Below he met another woman and a girl, both of whom were terrified at his appearance, but",en,004478.wav,gan_augmented
aug_008060.wav,"Motorcycles. -- Four motorcycles, two on each side, flanked the rear of the Presidential car.",en,008060.wav,gan_augmented
aug_007855.wav,"The second, the Women's Building at the State Fair Grounds,",en,007855.wav,gan_augmented
aug_011370.wav,"extensive investigation was not able to connect Oswald with that address, although it did develop the fact",en,011370.wav,gan_augmented
aug_002603.wav,and prominent in the criminal annals of Newgate in these later years will be found numerous remarkable instances of this class of offense --,en,002603.wav,gan_augmented
aug_000336.wav,"Neild found at his visit to Newgate in 1810,",en,000336.wav,gan_augmented
aug_008380.wav,Concern that the Vice President might also be a target for assassination prompted the Secret Service agents to urge him to leave the hospital and return to Washington immediately.,en,008380.wav,gan_augmented
aug_005732.wav,"No doubt wiser counsels prevailed with Lord John Russell,",en,005732.wav,gan_augmented
aug_009417.wav,"the transfer was conclusively identified as having been issued by Cecil J. McWatters, a busdriver for the Dallas Transit Co.",en,009417.wav,gan_augmented
aug_006139.wav,"modifying it where it needs modification and finally making recommendations to the Congress,",en,006139.wav,gan_augmented
aug_002784.wav,"When brought to trial he hardly realized his position,",en,002784.wav,gan_augmented
aug_001794.wav,generally sided with his opponents. Nevertheless the inspectors summed up against him.,en,001794.wav,gan_augmented
aug_001156.wav,The objects it had in view were set forth in one of its earliest meetings.,en,001156.wav,gan_augmented
aug_003414.wav,"An inquest was held on the body, which was identified as that of an Italian boy,",en,003414.wav,gan_augmented
aug_009817.wav,"was shipped on March 20, 1963, to A. J. Hidell, Post Office Box 2915, Dallas, Texas.",en,009817.wav,gan_augmented
aug_012224.wav,"Hosty took the necessary steps to have the Dallas office of the FBI, rather than the New Orleans office, reestablished as the office with principal responsibility.",en,012224.wav,gan_augmented
aug_012685.wav,without authorizing it to arrest anyone who harms him. The same provisions authorize the Service to arrest without warrant,en,012685.wav,gan_augmented
aug_005150.wav,"There was a deep wound just over the ear, the skull was fractured, and there were several other blows and wounds on the head.",en,005150.wav,gan_augmented
aug_008321.wav,"This was verified by Admiral Burkley, the President's physician, who arrived at the hospital after emergency treatment was underway and concluded that, quote,",en,008321.wav,gan_augmented
aug_012027.wav,The several military intelligence agencies reported crank mail and similar threats involving the President.,en,012027.wav,gan_augmented
aug_000750.wav,"So unjust and unequal was the system, that the allowance to convicted criminals was better than that of the innocent debtor,",en,000750.wav,gan_augmented
aug_000042.wav,"and though more Roman than that, yet scarcely more like the complete Roman type of the earliest printers of Rome.",en,000042.wav,gan_augmented
aug_001127.wav,"chained to the rest. As the miserable crew filed through the public streets, exposed to the scornful gaze of every passenger,",en,001127.wav,gan_augmented
aug_006755.wav,"He affirms that living beings have been subdivided from the earliest times into animated beings, which possess sense and motion,",en,006755.wav,gan_augmented
aug_009918.wav,"As McDonald started to search Oswald's waist for a gun, he heard him say, quote, Well, it's all over now, end quote.",en,009918.wav,gan_augmented
aug_009834.wav,He was wearing a zipper jacket which he had not been wearing moments before when he had arrived home.,en,009834.wav,gan_augmented
aug_004854.wav,"Miller, the Chelsea murderer, who packed his victim's body in a box, and tried to send it by parcels delivery, tried to kill himself,",en,004854.wav,gan_augmented
aug_002176.wav,Some years later an eye-witness published a graphic account of one of these scenes.,en,002176.wav,gan_augmented
aug_008914.wav,"On the day of the assassination, the Dallas police obtained a sample of wrapping paper and tape",en,008914.wav,gan_augmented
aug_009917.wav,"Oswald rose from his seat, bringing up both hands.",en,009917.wav,gan_augmented
aug_001965.wav,both offenses and punishments affording a sufficient index to the practices going forward; and they wind up by declaring,en,001965.wav,gan_augmented
aug_005119.wav,"They were an abject, miserable crew, cowards at heart; but some, especially Lopez, continued bloodthirsty to the last.",en,005119.wav,gan_augmented
aug_003925.wav,"The actual execution, which took place at another prison than Newgate, is rather beyond the scope of this work.",en,003925.wav,gan_augmented
aug_007460.wav,"In that night, so the story ends, ""Belshazzar, the Chaldean King, was slain.""",en,007460.wav,gan_augmented
aug_003880.wav,and they had given information to the police.,en,003880.wav,gan_augmented
aug_002004.wav,"were told that the plan had been well considered, and would be persevered in.",en,002004.wav,gan_augmented
aug_009013.wav,"When the FBI in Washington received the cartons, the remaining prints, including Oswald's on the Rolling Readers carton,",en,009013.wav,gan_augmented
aug_004111.wav,Cole now suspended payment.,en,004111.wav,gan_augmented
aug_006381.wav,It is time to provide a smashing answer for those cynical men who say that a democracy cannot be honest and efficient.,en,006381.wav,gan_augmented
aug_010194.wav,"told Robert Oswald, Lee Harvey Oswald's brother, that Oswald had once threatened to shoot former Vice President Richard M. Nixon.",en,010194.wav,gan_augmented
aug_005364.wav,This will was a deliberate forgery.,en,005364.wav,gan_augmented
aug_005850.wav,also their constant employment in labor appropriate to their condition.,en,005850.wav,gan_augmented
aug_011257.wav,As a result Oswald was not hired.,en,011257.wav,gan_augmented
aug_010582.wav,"Oswald's withdrawn tendencies and solitary habits were thought to be the result of, quote,",en,010582.wav,gan_augmented
aug_005414.wav,The last great case of fraud upon the Bank of England will fitly close this branch of the criminal records of Newgate.,en,005414.wav,gan_augmented
aug_011278.wav,"She said that she kept the note to use against him, quote, if something like that should be repeated again, end quote.",en,011278.wav,gan_augmented
aug_009934.wav,"testified regarding the arrest of Oswald, as did the various police officers who participated in the fight.",en,009934.wav,gan_augmented
aug_008981.wav,These two small cartons had been moved from a stack about three aisles away.,en,008981.wav,gan_augmented
aug_003638.wav,whose ship brought home a mixed cargo from Bahia and other ports.,en,003638.wav,gan_augmented
aug_008762.wav,"Oswald's arrival at the Depository Building on November 22, carrying a long and bulky brown paper package,",en,008762.wav,gan_augmented
aug_002702.wav,and there seems to have been good reason for supposing that he was a greater villain than any of those arraigned.,en,002702.wav,gan_augmented
aug_012024.wav,"to Secret Service locally, end quote.",en,012024.wav,gan_augmented
aug_012687.wav,The Commission agrees with the Secret Service that it should be authorized to make arrests without warrant,en,012687.wav,gan_augmented
aug_012907.wav,साबित ने भटकल में ही एमबीए की पढ़ाई के साथ इस साल कुरान हिफ्ज़ भी मुकम्मल किया।,hi,012907.wav,gan_augmented
aug_013812.wav,"सुदम अर्बुद सामान्यतया अपने मूल स्थान तक सीमित रहते हैं, शरीर के दूसरे भागों में नहीं फैलते तथा इनसे मामूली क्षति होती है|",hi,013812.wav,gan_augmented
aug_005630.wav,"इंटरनेट के लिए किसी पब्लिक टर्मिनल जैसे साइबर कैफे, ऑफिस आदि में नेट का इस्तेमाल करने के बाद प्रॉपर लॉग आउट जरूर करें।",hi,005630.wav,gan_augmented
aug_014718.wav,उनके द्वारा प्रस्तुत किये गये साहित्य को आर्षेय कहा जाता है।,hi,014718.wav,gan_augmented
aug_015096.wav,हम इन सभी पाठकों का धन्यवाद करते हुए यही निवेदन करना चाहेंगे कि हिन्दयुग्म को इसी प्रकार से पढ़ते हुए हमारा प्रोत्साहन करते रहें।,hi,015096.wav,gan_augmented
aug_020950.wav,प्रदेश के सीएम सिद्धारमैया लग्जूरिअस लाइफ स्टाइल के लिए लगातार विरोधियों के निशाने पर बने रहते हैं।,hi,020950.wav,gan_augmented
aug_007373.wav,अहमदनगर के हुसैन निजामशाह की पराक्रमी बेटी चाँदबीबी ने वीरतापूर्वक युद्ध किया । उस समय निजामशाही के सरदारों में फूट पैदा हुई ।,hi,007373.wav,gan_augmented
aug_003621.wav,"ब्राज़ील में वृष्टि, वनस्पति और प्राणियों के प्रकार भू-आकृति की आड़ी छेद दिखाई गई है|",hi,003621.wav,gan_augmented
aug_021644.wav,"दूरदर्शन द्वारा प्रसारित रामायण, महाभारत जैसे पौराणिक धारावाहिकों तथा भारत-एक खोज, राजा शिवछत्रपति जैसे ऐतिहासिक धारावाहिकों ने बहुत बड़े दर्शक वर्ग को अपनी ओर आकर्षित किया|",hi,021644.wav,gan_augmented
aug_018703.wav,इस इकाई में उपर्युक्त पहलुओं पर विशेष ध्यान देते हुए वर्णन किया गया है|,hi,018703.wav,gan_augmented
aug_006455.wav,परंतु जनक प्राप्त विभिन्न जीन के संयुक्त होने के परिणामस्वरूप लक्षण भिन्न भी हो सकते हैं|,hi,006455.wav,gan_augmented
aug_012070.wav,और इसी विरोध के चलते अमेरिकी राष्ट्रपति ने रुस के साथ परमाणु समझौता रद्द् करने का निर्णय ले लिया है,hi,012070.wav,gan_augmented
aug_012440.wav,कोई पृष्ठ पूर्णतः चिकना नहीं होता उसमें कुछ अनियमितताएँ अवश्य होती हैं| आपने अटैचियों तथा अन्य भारी सामानों पर रोलर जड़े देखे होंगे|,hi,012440.wav,gan_augmented
aug_017406.wav,भूकम्प क्या होता है ? जब यह आता है तो क्या होता है ? इसके प्रभाव को कम से कम करने के लिए हम क्या कर सकते हैं ?,hi,017406.wav,gan_augmented
aug_007434.wav,अतः वे तड़ित से डरते थे और सोचते थे कि उन पर भगवान के क्रोध के कारण यह हुआ है|,hi,007434.wav,gan_augmented
aug_009009.wav,कहानी की बात करें तो चुलबुल पांडे रज्जो के साथ सुकून की जिंदगी जी रहा है,hi,009009.wav,gan_augmented
aug_019725.wav,बाहर की ओर दो हिस्सों में गायों के स्वच्छंद विचरण की जगह है जहां उन्हें हरा चारा खिलाया जाता है,hi,019725.wav,gan_augmented
aug_003402.wav,"यह आधार एक भारतीय लड़की के नाते तुम्हारे व्यक्तित्व का अटूट हिस्सा है, इसलिए|",hi,003402.wav,gan_augmented
aug_011275.wav,इनके अलावा दूरदर्शन न्यूज़ के कैमरामैन अच्युतानंद की भी इस हमले में मौत हो गई थी,hi,011275.wav,gan_augmented
aug_005731.wav,जिस प्रकार हैरान तथा बांठड़ा लोकनाट्यों के माध्यम से सामाजिक कुरीतियों को उजागर करके उन्हें दूर करने का प्रयास किया जाता था।,hi,005731.wav,gan_augmented
aug_009296.wav,"टेनिस स्टार नोवाक जोकोविच अपने बेहतरीन खेल के लिए सुर्ख़ियों में रहते हैं, लेकिन इस बार ख़बरे उनकी शादीशुदा ज़िंदगी को लेकर हैं।",hi,009296.wav,gan_augmented
aug_003890.wav,इसका जीवाणु कई माह तक कुत्ते व घर की वस्तुओं से चिपका रहता है,hi,003890.wav,gan_augmented
aug_007153.wav,"मादा के शरीर के अंदर होने वाले निषेचन को आंतरिक निषेचन कहते हैं| यह मनुष्य एवं अन्य जंतुओं जैसे कि मुर्गी, गाय एवं कुत्ते इत्यादि में होता है|",hi,007153.wav,gan_augmented
aug_003920.wav,सरकार उत्तर पूर्व क्षेत्र और जम्मू एवं कश्मीर में इन्ट्रारीजन कनेक्टिविटी और सीमावर्ती बुनियादी ढाँचे को सुधारने पर विशेष जोर देगी,hi,003920.wav,gan_augmented
aug_000218.wav,किसी भी विषय में बुद्धि लगाने से पर्तें पर पर्तें खुलती जाती हैं उनकी मेधा की ।,hi,000218.wav,gan_augmented
aug_010761.wav,‘तुका म्हणे तोचि संत। सोशी जगाचे आघात ।’ इन शब्दों में संत तुकाराम ने सच्चे संत के लक्षण बताए हैं ।,hi,010761.wav,gan_augmented
aug_015965.wav,नारियल का वर्णन इब्न बतूता इस प्रकार करता हैः|,hi,015965.wav,gan_augmented
aug_000284.wav,आर्थिक अस्थिरता के दौर से गुजर रहे जिम्बाब्वे में अब तख्ता पलट के बादल मंडराने लगे हैं,hi,000284.wav,gan_augmented
aug_005551.wav,इन दोनों छिद्रों में एक धागा पिरोइए| गत्ते के एक ओर एक पिंजरा तथा दूसरी ओर एक पक्षी बनाइए या इनके चित्र चिपकाइए|,hi,005551.wav,gan_augmented
aug_014545.wav,अतः उनके शरीर पर लगने वाला दाब कम हो जाता है और वे बोझ को आसानी से उठा सकते हैं| ध्यान दीजिए कि उपरोक्त व्यंजक में क्षेत्रफल ‘हर’ में है|,hi,014545.wav,gan_augmented
aug_000083.wav,"एक्सिस ब्लू चिप फंड इस तरह की म्यूचुअल फंड योजना है, जो बड़ी और प्रतिष्ठित कंपनियों में ही निवेश करती है",hi,000083.wav,gan_augmented
aug_000608.wav,घूंट घूंट पीने से यह छालों की भी जलन शांत करेगा और पेट की गर्मी भी शांत करेगा,hi,000608.wav,gan_augmented
aug_000932.wav,नैनाटिक्कर पच्छाद तहसील के प्रमुख धार्मिक स्थल देवता भूर्शिंग महादेव परिसर में दो दिवसीय मेले का शुभारंभ सोमवार को हुआ।,hi,000932.wav,gan_augmented
aug_005270.wav,आज दौड़ती भागती जिंदगी में मनुष्य रोज ही न जाने कितनी जद्दोजहद से रूबरू होता है।,hi,005270.wav,gan_augmented
aug_015310.wav,जल्दी ही निक्यांका अब एक टीवी शो में साथ नज़र आने वाले हैं।,hi,015310.wav,gan_augmented
aug_021794.wav,"फिल्म में सलमान खान के अलावा कैटरीना कैफ, दिशा पटानी, सुनील ग्रोवर और तब्बू जैसे सितारें भी मुख्य भूमिका में हैं",hi,021794.wav,gan_augmented
aug_010632.wav,पैनासोनिक इंडिया के व्यापार प्रमुख मोबिलिटी डिविजन पंकज राणा ने बताया कि दोनों स्मार्टफोन एक्सक्लूसिव ढंग से फ्लिपकार्ट पर बिक्री के लिए उपलब्ध होंगे।,hi,010632.wav,gan_augmented
aug_016275.wav,चारों तरफ खुशियाँ झूमती थीं| चारों तरफ गीत गूँजते थे| इतने में साधुओं की एक मंडली शहर के अंदर दाखिल हुई|,hi,016275.wav,gan_augmented
aug_007251.wav,इस नाटक के कारण संपूर्ण लिखित संहिता वाले नाटकों की परंपरा प्रारंभ हुई|,hi,007251.wav,gan_augmented
aug_007217.wav,कोलकाता के वेरिएबल एनर्जी साइक्लोट्रोन सेंटर में मेडिकल साइक्लोट्रॉन सुविधा साइक्लोन का परिचालन शुरू हो गया है ।,hi,007217.wav,gan_augmented
aug_019037.wav,उपरोक्त महत्त्वपूर्ण प्वांइट से इतर आवेदकों से आग्रह है कि वो सिविल सेवा प्रीलिम्स परीक्षा के पिछले प्रश्नपत्रों को भी देख लें।,hi,019037.wav,gan_augmented
aug_003926.wav,इस पद्धती में लोहा या इस्पात का क्षरण रोकने के लिए उस पर जस्ते की पतली पर्त चढ़ाई जाती हैं|,hi,003926.wav,gan_augmented
aug_008438.wav,इनका कहना है कि कुफ्टाधार में तीन दिन बाद पानी आता है,hi,008438.wav,gan_augmented
aug_016693.wav,इसके विपरीत अमेज़न के मुहाने पर अनेक द्वीप तैयार हो गए हैं। महासागर के तट के पास अनेक द्वीप हैं। ,hi,016693.wav,gan_augmented
aug_004353.wav,बैलों के जोड़े के सहारे खींचे जाने वाले बरमे का इस्तेमाल बीज बोने के लिए किया जाता था|,hi,004353.wav,gan_augmented
aug_017631.wav,"बिल्गी से भाजपा के विधायक निराणी, येडियूरप्पा की पिछली सरकार में भी उद्योग मंत्री रहे थे",hi,017631.wav,gan_augmented
aug_006941.wav,"इस किनारे पर माराजो द्वीप, माराजो की खाड़ी और साओ मारकोस की खाड़ी है। माराजो एक बड़ा तटीय द्वीप है।",hi,006941.wav,gan_augmented
aug_019844.wav,पुरुष एवं महिलाएँ सभी मिलकर इस पर्व को मनाते हैं|,hi,019844.wav,gan_augmented
aug_018495.wav,"केवल उनकी डोर मजबूत करना चाहती हूँ कि अपनी किसी ऊँची उड़ान में वे लड़खड़ा न जाएँ| इसलिए कहना चाहती हूँकि ‘उड़ो बेटी, उड़ो, पर धरती पर निगाह रखकर'|",hi,018495.wav,gan_augmented
aug_021081.wav,"अब इसका आधार तथ्यों की प्रासंगिकता व प्रामाणिकता, विवेकपूर्ण, निष्पक्ष, निष्कपट, तर्कसंगत व पारदर्शी विवेचन नहीं रह गया है।",hi,021081.wav,gan_augmented
aug_010740.wav,यदि दो समतल दर्पणों को संयोजनों में उपयोग करें तो क्या होगा ?,hi,010740.wav,gan_augmented
aug_016375.wav,अरब सागर के द्वीप समूह को लक्षद्वीप कहते हैं और बंगाल की खाड़ी में स्थित द्वीपों को अंडमान एवं निकोबार,hi,016375.wav,gan_augmented
aug_020939.wav,जल्द ही इस प्रकार का प्रयोग मध्यप्रदेश में भी देखने को मिलेगा।,hi,020939.wav,gan_augmented
aug_001440.wav,बेंझीन की संरचना में छह कार्बन परमाणों के वलय में एक के बाद एक ऐसे तीन दुहरे बंध होते हैं|,hi,001440.wav,gan_augmented
aug_016650.wav,अदरक में एन्टी सेप्टिक और एन्टी आक्सिडेंट गुण होते हैं जो प्राकृतिक सौन्दर्य देने के काम आता है,hi,016650.wav,gan_augmented
aug_006041.wav,"शनिवार को दो शवों की आंख, कान व नाक चूहे, नेवला व छछूंदरों द्वारा कुतरे जाने का मामला एक बार फिर प्रकाश में आया।",hi,006041.wav,gan_augmented
aug_002753.wav,"विद्युत उपकरणों और तेलों में लगी आग को नियंत्रित करने के लिए जल का उपयोग नहीं किया जाता| दहन विभिन्न प्रकार के हैं, जैसे - तीव्र दहन, स्वतः दहन, विस्फोट, आदि|",hi,002753.wav,gan_augmented
aug_009707.wav,"दोस्तों ,जैसा की आपको मालूम होगा कि हमारे देश भारत में वर्षां ऋतु का मौंसम जुलाई से प्रारम्भ होता है।",hi,009707.wav,gan_augmented
aug_001300.wav,"हालांकि, उन्हें अपने दो महत्वपूर्ण खिलाड़ियों जॉन आर्ने रिसे और हैंज मुल्डर की कमी खलेगी, जो अब चेन्नइयन की टीम से खेल रहे हैं।",hi,001300.wav,gan_augmented
aug_009046.wav,"दूसरा, जीवों और पर्यावरण के बीच फॉस्फोरस का गैसीय विनिमय बिल्कुल नगण्य होता है|",hi,009046.wav,gan_augmented
aug_011841.wav,सबसे ज्यादा प्रभाव अंग्रेजी एवं आधुनिक शिक्षा प्राप्त समाज के सम्भ्रान्त हिस्से पर पड़ा।,hi,011841.wav,gan_augmented
aug_004506.wav,"भारत में मध्य प्रदेश, उत्तर प्रदेश, बिहार, उत्तराखंड, कर्नाटक, आंध्र प्रदेश और तेलंगाना राज्यों में गुफाचित्रोंवाले अनेक स्थान हैं|",hi,004506.wav,gan_augmented
aug_018010.wav,यह गंध एल्कोहल की है जो चीनी के एल्कोहल में परिवर्तित होने के कारण बना है|,hi,018010.wav,gan_augmented
aug_008766.wav,भारतीय अंतरिक्ष अनुसंधान संगठन इसरो अंतरिक्ष विभाग अंवि का अनुसंधान एवं विकास स्कंध है और राष्ट्रीय अंतरिक्ष कार्यक्रम के कार्यान्वयन के लिए उत्तरदायी है।,hi,008766.wav,gan_augmented
aug_004898.wav,यहाँ हम देखते हैं कि सभी अमेरिकी समाचार हरे रंग से चिह्नित हैं|,hi,004898.wav,gan_augmented
aug_002409.wav,अपने ट्विंकल टोज के लिए प्रसिद्ध डावर भारत में जैज और पाश्चात्य डांस को लोकप्रिय बनाने के लिए जाने जाते हैं।,hi,002409.wav,gan_augmented
aug_015180.wav,"तुम मॉन्स्टर किसी स्त्री के पुत्र, भाई, पति या पिता नहीं हो सकते ।",hi,015180.wav,gan_augmented
aug_007471.wav,पता लगाइए कि क्या मैदानी इलाकों में रहने वाले लोगों की तुलना में उन जनजातियों में सामान्यत लाल रुधिर कोशिका की संख्या ज्यादा होती हैं|,hi,007471.wav,gan_augmented
aug_014332.wav,"बस्ती एक तैराकी और मनोरंजन केंद्र, कई चर्चों, रोटरी स्केट पार्क, और एक सार्वजनिक पुस्तकालय में शामिल है।",hi,014332.wav,gan_augmented
aug_010437.wav,उसके इस विवेचन के परिणामस्वरूप अनेक दार्शनिकों को यह विश्वास हुआ कि यद्यपि इतिहास की अध्ययन पद्धति विज्ञान की पद्धतियों की तुलना में भिन्न है; फिर भी उसकी गुणवत्ता कम नहीं है ।,hi,010437.wav,gan_augmented
aug_010551.wav,"विदर्भ में ऋद्धिपुर नामक स्थान इस पंथ का महत्त्वपूर्ण केंद्र है । यह पंथ पंजाब, अफगानिस्तान जैसे दूरस्थ प्रदेशों में भी पहुँचा था ।",hi,010551.wav,gan_augmented
aug_016445.wav,"दरअसल, सियासत की इस महान और कामयाब शख़्सियत को अपनी निजी ज़िन्दगी में कई ग़म मिले थे।",hi,016445.wav,gan_augmented
aug_008517.wav,"वन्यजंतु अभ्यारण्य, राष्ट्रीय उद्यान, जैवमण्डल संरक्षित क्षेत्र इत्यादि पौधों और जंतुओं के लिए संरक्षित एवं सुरक्षित क्षेत्र हैं|",hi,008517.wav,gan_augmented
aug_007811.wav,इस अध्याय में हम यह देखेंगे कि उपमहाद्वीप में आए यात्रियों द्वारा दिए गए सामाजिक जीवन के विवरणों के अध्ययन से किस प्रकार हम अपने अतीत के विषय में ज्ञान बढ़ा सकते हैं|,hi,007811.wav,gan_augmented
aug_004398.wav,आचार्यश्री ने साधुसाध्वियों को विशेष प्रेरणा प्रदान करते हुए कहा कि साधुसाध्वियों को इन्द्रियों का विशेष संयम करने का प्रयास करना चाहिए,hi,004398.wav,gan_augmented
aug_005023.wav,कुछ समय विश्राम करने के पश्चात् माधवजी ने बच्चों को वापस चलने को कहा क्योंकि सूर्यास्त के पश्चात् वन में रुकना ठीक नहीं है|,hi,005023.wav,gan_augmented
aug_001160.wav,परिपथ में लगभग पंद्रह मिनट तक विद्युत धारा प्रवाहित होने दीजिए| अब विलयन में से इलेक्ट्रोडों को हटाइए तथा उन्हें ध्यानपूर्वक देखिए|,hi,001160.wav,gan_augmented
aug_009044.wav,कृषक खिलनसिंह कुशवाह तथा लल्लीराम वाल्मीक के खेत पर पहुँचकर फसल नुकसानी का भी जायजा लिया,hi,009044.wav,gan_augmented
aug_017516.wav,यह नदियाँ मौसमी होती हैं। पश्चिमी घाट और अरब सागर के बीच बहनेवाली नदियों की लंबाई कम है पर गति ज्यादा है।,hi,017516.wav,gan_augmented
aug_003253.wav,उसने शिवाजी महाराज के विरोध में सभी शक्तियों को संगठित करने के अपने प्रयास प्रारंभ किए । ,hi,003253.wav,gan_augmented
aug_016343.wav,उन्होंने कहा कि श्री बादल के इस षड्यंत्र का उन्हें बाद में पता चला,hi,016343.wav,gan_augmented
aug_011029.wav,"महाराज बोले, तेनालीराम, इस बुद्धि परीक्षा में तुम्हीं विजयी हुए हो।",hi,011029.wav,gan_augmented
aug_015995.wav,सारे स्मृतिकोषों के जागृत हो जाने पर तो शायद सोलह कला सम्पूर्ण श्री कृष्णबन सकते हैं।,hi,015995.wav,gan_augmented
aug_020036.wav,"स्त्रियों के साथ दुर्व्यवहार करनेवालो को वे कठोर दंड देते । प्रजा के किसान, कारीगर, सैनिक, व्यापारी जैसे सभी वर्गों का वे ध्यान रखते । ",hi,020036.wav,gan_augmented
aug_013547.wav,क्या ऐसा कोई वैकल्पिक रास्ता है जिसमें आनुवंशिक जानकारी का उपयोग करते हुए किसान अपने खेतों से सर्वाधिक उत्पादन ले सकेंगे|,hi,013547.wav,gan_augmented
aug_019144.wav,खासतौर पर आप जिस स्थान पर घूमने जा रही हैं उस हिसाब से आपका मेकअप होना आपको अलग ही कॉन्फिडेंस देता है,hi,019144.wav,gan_augmented
aug_002638.wav,स्वभाव से उन्हें यह निश्छल वीरता मिली है जो अपने बचाव के प्रयत्न को भी कायरता की संज्ञा देती है|,hi,002638.wav,gan_augmented
aug_011165.wav,"कांग्रेस के उपाध्यक्ष राहुल गांधी एक ऐसी शख़्सियत के मालिक हैं, जिनसे कोई भी मुतासिर हुए बिना नहीं रह सकता",hi,011165.wav,gan_augmented
aug_010439.wav,लॉर्ड्स में जिस तरह का मौसम है उससे कयास लगाए जा रहे हैं कि गेंदबाजों को मदद मिल सकती है,hi,010439.wav,gan_augmented
aug_002606.wav,धूम्रपान से इन तीव्र ड्रगों के सेवन का रास्ता खुल जाता है|,hi,002606.wav,gan_augmented
aug_015511.wav,"सीरियल में नामल पॉल (शिव), डोनल बिष्ट (शरण्या) और विक्रम सिंह चौहान (व्यूम) का किरदार निभा रहे हैं।",hi,015511.wav,gan_augmented
aug_002077.wav,एंड्रू ब्रिटेन की रॉयल नेवी में कमांडर के पद पर हैं।,hi,002077.wav,gan_augmented
aug_004472.wav,आप किसी वैज्ञानिक पत्रिका या इन्टरनैट से उनके दिखाई देने के समय का पता लगा सकते हैं|,hi,004472.wav,gan_augmented
aug_004850.wav,इस तरह शेख के नैतिक अधिकार की पुष्टि होती थी और आम लोगों का उनकी ओर झुकाव बढ़ता था|,hi,004850.wav,gan_augmented
aug_017811.wav,रोहन गावस्कर को कॉलिंगवुड ने फ़्लिंटऑफ़ की गेंद पर रन आउट किया।,hi,017811.wav,gan_augmented
aug_004624.wav,"आलू तो कोई भी किसान उगा सकता है, उसमें कोई कॉपीराइट उल्लंघन कैसे हो सकता है",hi,004624.wav,gan_augmented
aug_011294.wav,दोपहर को किसी दिवंगत मित्र की भतीजी के विवाह के लिए सौ देना अनिवार्य हो गया|,hi,011294.wav,gan_augmented
aug_000199.wav,"पुरातत्वविदों ने कुछ स्थानों, जिनमें शहरी केंद्र का उत्तर-पूर्वी कोना भी शामिल है, में परिष्कृत चीनी मिट्टी पायी है और उनका यह सुझाव है कि हो सकता है इन स्थानों में अमीर व्यापारी रहते हों|",hi,000199.wav,gan_augmented
aug_018043.wav,"सैम पित्रौदा के बयान पर अमित शाह का वार, कहा राहुल गांधी को माफ़ी मांगनी होगी।",hi,018043.wav,gan_augmented
aug_020493.wav,एकलक के स्वरूप और संरचना के प्रकार के अनुसार बहुलकों को विविध प्रकार के गुणधर्मप्राप्त होते हैं|,hi,020493.wav,gan_augmented
aug_000039.wav,पाच जणांनी पाच काठ्या आणून वडिलांपुढे ठेवल्या.,mr,000039.wav,gan_augmented
aug_005036.wav,येवढ्यात ती भयानक राक्षसीण झोपलेल्या चोरांवर तुटून पडली.,mr,005036.wav,gan_augmented
aug_005616.wav,नकळत येणाऱ्या आठवणींना हे हसू आवरेनासं होतं.,mr,005616.wav,gan_augmented
aug_007646.wav,लोकांनी त्या जुन्या ज्ञानाला नव तेज दिलं.,mr,007646.wav,gan_augmented
aug_005456.wav,"काय रे, तो पांढरा हत्ती चांगला प्रशिक्षित आहे काय",mr,005456.wav,gan_augmented
aug_009595.wav,थोडीशी रक्ताची चटक लागताच तो ते मांस आनंदाने खाऊ लागला.,mr,009595.wav,gan_augmented
aug_009126.wav,"सतत सराव, निधिध्यास, दिवस रात्र केलेलं चिंतन, नेमबाजी, उंचावरील वस्तूचा अचूक वेध घेणे.",mr,009126.wav,gan_augmented
aug_009794.wav,त्या योजनेप्रमाणे सर्व धर्मनिष्ठांना आचरण करण्याच्या आज्ञा सोडल्या.,mr,009794.wav,gan_augmented
aug_003236.wav,परदेशात अनेक ठिकाणी घरबसल्या ऑफिसचे काम करण्याची सुविधा कंपन्यांनी आपल्या कर्मचारी वर्गाला देऊ केली आहे.,mr,003236.wav,gan_augmented
aug_003220.wav,ऊर्जा निर्मितीच्या बाबतीत हायड्रोजन सर्वात कार्यक्षम इंधन ठरते.,mr,003220.wav,gan_augmented
aug_004486.wav,"टेल्को, बजाज ऑटो, टेम्पो, महिन्द्रा, एस्कॉर्ट्स, एसटी या गाड्या दिसल्या.",mr,004486.wav,gan_augmented
aug_006300.wav,राघू मग त्या लाखो रुपये किंमतीपैकी सध्या मला पतंग आणायला फक्त एक रुपया देतोस का,mr,006300.wav,gan_augmented
aug_002009.wav,एके दिवशी स्वराच्या माधुर्याची किर्ती एका राजाला कळली.,mr,002009.wav,gan_augmented
aug_003358.wav,इमारतीच्या अंतर्गत सजावटीमध्ये रंगीत प्रकाश मिळविताना बहुधा रंगीत काच फिल्टर म्हणून वापरली जाते.,mr,003358.wav,gan_augmented
aug_008910.wav,"डोंगरावरची झाडं हसली, सळसळली.",mr,008910.wav,gan_augmented
aug_005555.wav,जवळी आलीस तेव्हा श्वासात कैफ आला,mr,005555.wav,gan_augmented
aug_009000.wav,चोरीची किंवा चोराची पुराव्यासह जो बित्तंबातमी देईल त्याला कोतवालसाहेब माठे बक्षिस देतील.,mr,009000.wav,gan_augmented
aug_004277.wav,बाळाला पायान्वर उताणे किवा मउ गादिवर प्लस्टिक अन्थरून दुपट्यावर उताणे ठेवावे.,mr,004277.wav,gan_augmented
aug_006992.wav,भारतीय संगीताच्या हृदयाची या दोघीही स्पंदन असल्याचेही त्यांनी या वेळी सांगितले.,mr,006992.wav,gan_augmented
aug_004174.wav,सर्व सैनिकाच्या रोमहर्षक कथाचा संग्रह तरूणांना प्रेरक ठरेल,mr,004174.wav,gan_augmented
aug_003921.wav,"ती अतिशय तीव्र, उष्ण, अतिसुक्ष्म व तीव्र असते.",mr,003921.wav,gan_augmented
aug_006477.wav,अधिक ज्यू आता मोकळ्या आणि आधुनिक विचारांचे होते आहेत.,mr,006477.wav,gan_augmented
aug_000960.wav,स्थूलदेहाचा अशक्तपणा वाढून मनाचे कार्यही व्यवस्थित होत नाही.,mr,000960.wav,gan_augmented
aug_006735.wav,तारखांमधील हा असमतोल विदर्भातील विद्यार्थ्यांचा शैक्षणिक अभ्यासक्रम माघारण्यास कारणीभूत ठरायचा.,mr,006735.wav,gan_augmented
aug_000907.wav,"मानवाचे स्वास्थ्य पर्यावरणावर अवलंबून आहे, त्यामुळे पर्यावरणाच्या स्वास्थ्याकडे लक्ष देणे अत्यावश्यक आहे !",mr,000907.wav,gan_augmented
aug_007718.wav,"ठीक आहे, मीही या ढोंगी ऋषीचा अपमान करीन!",mr,007718.wav,gan_augmented
aug_000431.wav,"आमची आबाळ सुरु झाली, लोक स्वार्थाच्या मागं लागले.",mr,000431.wav,gan_augmented
aug_000466.wav,तसा प्रयत्न पुन्हा संतसज्जनांनी केला पाहिजे.,mr,000466.wav,gan_augmented
aug_008260.wav,"परंतु तो उठला, ते पूर्वजांचे घर सोडून तो निघाला.",mr,008260.wav,gan_augmented
aug_002339.wav,"सरोवराच्या आंतून मधुर संगीत ऐकून व कोणते तरी वाद्य वाजत आहे, हे ओळखून राम चकित झाला.",mr,002339.wav,gan_augmented
aug_004956.wav,तिसर्‍या मस्तकाने विश्वात होणार्‍या सर्व घटनांचे निरीक्षण तो करीत असे.,mr,004956.wav,gan_augmented
aug_005905.wav,स्वप्नामधल्या स्वप्नफ़ुला रे वास्तवात तू येशील का,mr,005905.wav,gan_augmented
aug_010572.wav,होता होता झाड थोडे मोठे झाले की आपल्या वर्गातली सगळी मुले मिळून आपण त्याची रोपे डोंगरावर लावूयात.,mr,010572.wav,gan_augmented
aug_010527.wav,या राज्याच्या जुलमी राजाला ताळ्यावर आणण्यासाठी मी माझे प्राणही पणाला लावीन.,mr,010527.wav,gan_augmented
aug_006888.wav,हसल्यानंतर शरीरात निर्माण होणारे काही स्राव रक्ताभिसरण सुरळीत ठेवण्यास मदत करतात.,mr,006888.wav,gan_augmented
aug_010555.wav,काही दिवसांनी चौकशी केल्यावर देवाच्या लक्षात आले की माणसांना संपूर्ण अंधाराची खूपच गैरसोय होते आहे.,mr,010555.wav,gan_augmented
aug_003945.wav,बाल गुन्हेगारासाठी माटुंग्याला एक शाळाही काढली व तांत्रिक शिक्षणाचा प्रसारासाठी ससून मेकॅनिक्स इन्स्टिट्यूटची स्थापना केली.,mr,003945.wav,gan_augmented
aug_006027.wav,मुंबईची मराठी भाषा हल्ली खिचडी भाषा झाली आहे.,mr,006027.wav,gan_augmented
aug_002766.wav,आणखी एका मदतनीसाच्या उंटावर बसलेला स्वर्णाचारी मदत मागण्यासाठी मोठमोठ्याने ओरडूं लागला.,mr,002766.wav,gan_augmented
aug_005087.wav,"तुझ्याजवळ अमाप संपत्ती आहे, धनदौलत आहे.",mr,005087.wav,gan_augmented
aug_001050.wav,"जगात देव नाही, धर्म नाही मरता येत नाही म्हणून जगायचे.",mr,001050.wav,gan_augmented
aug_000520.wav,"पिताजी ध्यानमग्न आहेत, आलेल्या राजाचं स्वागत आपण केलं पाहिजे!",mr,000520.wav,gan_augmented
aug_006143.wav,'संत साहित्य नुसते वाचू नका अशी तक्रार आहे ब्रम्हचैतन्य गोंदवलेकर महाराजांची .,mr,006143.wav,gan_augmented
aug_007328.wav,"आपण ह्या सोशल नेटवर्किंग च्या जमान्यात वावरणारे, रोज असंख्य नाती जोडतो.",mr,007328.wav,gan_augmented
aug_003218.wav,भारतामध्ये सुध्दा आधुनिक तंत्राच्या सहाय्याने सूर्यशक्तिचे प्रकल्प अनेक ठिकाणी सुरू आहेत.,mr,003218.wav,gan_augmented
aug_006642.wav,त्यामुळे जातींवरून राखीव जागा देण्याचा प्रश्‍नच उद्‌भवत नाही.,mr,006642.wav,gan_augmented
aug_010421.wav,ऋषीने राजाचे स्वागत केले व त्याला फलाहार दिला.,mr,010421.wav,gan_augmented
aug_006924.wav,पहाटेच्या नीरव शांततेत बैलांच्या गळ्यातील घुंगूरमाळा खुळखुळत आहेत.,mr,006924.wav,gan_augmented
aug_001807.wav,ही सूचना ऐकल्यावर सर्व पशु आपापल्या मुलांना घेऊन प्रतियोगितेच्या ठिकाणी हजर झाले.,mr,001807.wav,gan_augmented
aug_008679.wav,आईला बरे नाही म्हणून संध्याकाळी बाबा स्वयंपाक करत होते.,mr,008679.wav,gan_augmented
aug_007629.wav,आम्हाला पुन: चांगले दिवस येतील अशी खात्री वाटते आहे !,mr,007629.wav,gan_augmented
aug_005019.wav,उदाहरण म्हणून मी तुला सत्यकीर्ती नावाच्या राजाची गोष्ट सांगतो.,mr,005019.wav,gan_augmented
aug_005620.wav,माझ्या हातांची जागा माझ्या ओठांनी घेतली,mr,005620.wav,gan_augmented
aug_007696.wav,शमीक ऋषी महान तपस्वी आणि परोपकारी वृत्तीचे होते.,mr,007696.wav,gan_augmented
aug_006977.wav,"याप्रसंगी फादर फ्रान्सिस दिब्रिटो, उदय भेंब्रे, पावलू मोरायश यांचीही भाषणे झाली.",mr,006977.wav,gan_augmented
aug_000083.wav,साधारण साडे नऊ ची वेळ असावी.,mr,000083.wav,gan_augmented
aug_007683.wav,"भक्तीला आनंद झाला, तिने नारदांचे आभार मानले.",mr,007683.wav,gan_augmented
aug_008250.wav,"परंतु ते कबूल करून गावाची क्षमा मागण्याऐवजी तू दंभ दाखवीत आहेस, काय याला म्हणावं.",mr,008250.wav,gan_augmented
aug_007602.wav,"त्यागराजला आश्‍चर्य वाटले, त्याने विचारले, तुम्ही मला नमस्कार का करता ?",mr,007602.wav,gan_augmented
aug_010365.wav,"शबरीचे केस नीट विंचरुन कोणीही आजपर्यंत बांधले नव्हते, ऋषिपत्नी शबरीच्या केसांत सुंदर फुले घाली.",mr,010365.wav,gan_augmented
aug_001926.wav,"तुम्ही आश्चर्यचकित होऊन विचारलंत मला, की कोणाकडे ही विद्या शिकलास?",mr,001926.wav,gan_augmented
aug_009057.wav,"एक कोळी होता, रोज मासे पकडायचे, ते विकायचे, आणि जे पैसे येतील त्यावर उपजीविका करायची असा त्याचा जीवनक्रम होता.",mr,009057.wav,gan_augmented
aug_001391.wav,होता होता झाड थोडे मोठे झाले की आपल्या वर्गातली सगळी मुले मिळून आपण त्याची रोपे डोंगरावर लावूयात.,mr,001391.wav,gan_augmented
aug_008477.wav,"सासरचे तिचे नाव यशोदा ठेवण्यात आले होते, सासरी ती लहानाची मोठी होत होती.",mr,008477.wav,gan_augmented
aug_009871.wav,त्यायोगे तो पुण्यकारक भागवतसप्ताह सगळ्या लोकांना श्रवण करण्याचे श्रेय लाभले.,mr,009871.wav,gan_augmented
aug_003589.wav,असा रुग्ण असल्यास श्वसनोपचार देऊन ताबडतोब डॉक्टरकडे पाठवावे.,mr,003589.wav,gan_augmented
aug_001454.wav,आजोबांनाही ही माहिती नवीनच होती.,mr,001454.wav,gan_augmented
aug_010725.wav,त्या रात्री आईबाबांचे बोलणे मंजूच्या कानावर पडले.,mr,010725.wav,gan_augmented
aug_002184.wav,"इथे तुंगा, सती, सुनी, कीर्ती व भृंगारी व पाच छोटया नद्यांचा संगम आहे.",mr,002184.wav,gan_augmented
aug_000605.wav,दासीपुत्र असलास तरी तू ब्राह्मणच असला पाहिजेस.,mr,000605.wav,gan_augmented
aug_010438.wav,मायबापच कळत वा नकळत मुलाला लहान किंवा मोठा करत असतात.,mr,010438.wav,gan_augmented
aug_002011.wav,राजवाडयाच्या मोहात तो आपल्या झऱ्याला आणि सृष्टिला विसरून गेला होता.,mr,002011.wav,gan_augmented
aug_005708.wav,डबल ग्रॅज्युएट मुलीलाही मान वर करून,mr,005708.wav,gan_augmented
aug_001405.wav,निसर्गाने जणू आपला सर्व खजिना या प्रांतावर अगदी मुक्तहस्ते उधळलाय.,mr,001405.wav,gan_augmented
aug_004396.wav,त्यांच्यातील एकाने मग त्याला चौकीवर नेलं चौकीतील लोकांनी टेहरेशी संपर्क साधला.,mr,004396.wav,gan_augmented
aug_006199.wav,लोकसभा आणि विधानसभांच्या निवडणुकीत शरद पवारांसारखा एकच शिलेदार महाराष्ट्राच्या स्वाभिमानाची पताका घेऊन महाराष्ट्रभर फिरला.,mr,006199.wav,gan_augmented
aug_008253.wav,"सभा संपली, मनूला 'खूनी मनू' म्हणून संबोधन्यात येऊ लागले.",mr,008253.wav,gan_augmented
aug_002996.wav,तो व बोधिसत्व परस्परांच्या सल्ल्याने कोठे जायचे ते ठरवून व्यापार करीत.,mr,002996.wav,gan_augmented
aug_010601.wav,पण आता तिला बरे करायचे आहे म्हणून काळजी घेत होती.,mr,010601.wav,gan_augmented
aug_008270.wav,तो काळ आर्यांच्या विजयाचा व विस्ताराचा होता.,mr,008270.wav,gan_augmented
aug_003893.wav,तिच्या भुकेने वासलेल्या ओठांकडे माझे लक्ष नसते,mr,003893.wav,gan_augmented
aug_000514.wav,"तहानेने व्याकुळ झालेला तो राजा त्या अपमानामुळे अधिकच संतापला, त्याला विचारच राहिला नाही.",mr,000514.wav,gan_augmented
aug_002488.wav,तुझी अगाध लीला कळण्याइतका मी मोठा आहे कां रे?,mr,002488.wav,gan_augmented
aug_005917.wav,"दहासहा ऑफ़िसमध्ये काम करणारी स्त्री सगळ्यानांच खुप सुखी, आनंदी वाटते.",mr,005917.wav,gan_augmented
aug_010153.wav,या दिवशी बळी पाताळात गाडला गेला.,mr,010153.wav,gan_augmented
aug_006176.wav,तामीळनाडूत द्रमुकची सत्ता असली तरी मतविभागणीस लाभ कॉंग्रेसचा झाला.,mr,006176.wav,gan_augmented
aug_008177.wav,काहीजणांना वैद्यांनी त्यांच्या रोगाला अनुसरून भरपूर पाणी पिण्यास सांगितलेले असते.,mr,008177.wav,gan_augmented
aug_010067.wav,"प्रल्हादाच्या भक्तीमुळे घाबरू नये, त्याचा हा अखेरचा जन्म असून, तो मोक्षार्थी आहे.",mr,010067.wav,gan_augmented
aug_002336.wav,म्हणूनच तुम्ही या जंगलांत पाऊल टाकण्याचे साहस केलेत.,mr,002336.wav,gan_augmented
aug_009970.wav,"तेव्हा तो म्हणाला, `ह्याचे उत्तर मला देता येत नाही.",mr,009970.wav,gan_augmented
aug_007525.wav,त्याची मुलगी वीरमती हिला राजाने स्वतःच्या मुलीप्रमाणे सांभाळले.,mr,007525.wav,gan_augmented
aug_008013.wav,पुष्कळ स्त्रियांचा या दिवशी उपवास असतो.,mr,008013.wav,gan_augmented
aug_004623.wav,आपल्या तोंडून निघालेला हा श्लोक पाहून खुद्द महर्षींनाच आश्चर्य वाटले.,mr,004623.wav,gan_augmented
aug_000115.wav,"माझ मन, त्या दोघांची तुलना करण्यात व्यस्त झाल.",mr,000115.wav,gan_augmented
aug_003651.wav,स्वतःच चित्रीकरण केलेल्या शॉट्सचा समावेश असावा अन्यथा कॉपीराईट कायद्याचा भंग केल्याबद्दल शिक्षा होऊ शकते,mr,003651.wav,gan_augmented
aug_000378.wav,ते ऐकून जटीलला प्रश्न पडला.,mr,000378.wav,gan_augmented
aug_003574.wav,यामुळे रुग्ण पोट दाबून हातपाय दुमडून कुशीवर पडून राहण्याचा प्रयत्न करतो.,mr,003574.wav,gan_augmented
aug_002399.wav,येणार्या कल्पांत तू वैवस्वत या नांवे मनू होशील!,mr,002399.wav,gan_augmented
aug_003140.wav,त्यांत त्यांनी लावलेले शोध व अवलंबिलेल्या पध्दति हें त्यांच्या कुशाग्र बुध्दीचें अक्षय्य स्मारक आहे.,mr,003140.wav,gan_augmented
aug_002182.wav,नंतर प्रुडेन्शियल टॉवर्स नावाच्या बॉस्टनच्या एका उंच इमारतीतून आजूबाजूचा नजारा पाहिला.,mr,002182.wav,gan_augmented
